19.01.2024;Nyhetsbrev
12.03.2024;Nyhetsbrev
12.06.2024;Nyhetsbrev
23.08.2024;Nyhetsbrev
27.09.2024;Nyhetsbrev
22.10.2024;Nyhetsbrev
10.12.2024;Nyhetsbrev
10.01.2024;Medlemsbrev
09.02.2024;Medlemsbrev
19.03.2024;Medlemsbrev
09.04.2024;Medlemsbrev
08.05.2024;Medlemsbrev
05.06.2024;Medlemsbrev
02.06.2024;Medlemsbrev
13.08.2024;Medlemsbrev
19.09.2024;Medlemsbrev
08.10.2024;Medlemsbrev
05.12.2024;Medlemsbrev
08.04.2025;Medlemsbrev
10.04.2025;Medlemsbrev
08.05.2025;Medlemsbrev
11.06.2025;Medlemsbrev
03.07.2025;Medlemsbrev
08.09.2025;Medlemsbrev
07.11.2025;Nyhetsbrev
09.11.2025;Medlemsbrev
09.12.2025;Medlemsbrev
19.03.2026;Nyhetsbrev
26.05.2026;Nyhetsbrev
15.06.2026;Nyhetsbrev
10.01.2026;Medlemsbrev
11.03.2026;Medlemsbrev
10.04.2026;Medlemsbrev
10.05.2026;Medlemsbrev
10.06.2026;Medlemsbrev
